{
  "template": "nginx_json_elastic_stack_example",
  "settings": {
    "number_of_shards":1,
    "number_of_replicas":0,
    "index.refresh_interval": "5s"
  },
  "mappings": {
     "_default_": {
        "dynamic_templates": [
           {
              "message_field": {
                 "mapping": {
                    "omit_norms": true,
                    "type": "text"
                 },
                 "match_mapping_type": "string",
                 "match": "message"
              }
           },
           {
              "string_fields": {
                 "mapping": {
                    "type": "text",
                    "omit_norms": true,
                    "fields": {
                       "raw": {
                          "type":"keyword",
                          "ignore_above": 256
                       }
                    }
                 },
                 "match_mapping_type": "string",
                 "match": "*"
              }
           }
        ],
        "properties": {
           "geoip": {
              "dynamic": true,
              "properties": {
                 "location": {
                    "type": "geo_point"
                 }
              },
              "type": "object"
           },
           "request": {
              "type":"keyword"
           }
        },
        "_all": {
           "enabled": true
        }
     }
  }
}
